,country,age,time,mood,sugar_level,coffee_type
0,DE,16,morning,Excited,2,Americano
1,IN,19,evening,Happy,2,Espresso
2,IN,54,evening,Stressed,2,Cappuccino
3,IN,16,evening,Excited,1,Espresso
4,ES,44,evening,Stressed,1,Americano
5,DE,26,morning,Neutral,3,Cappuccino
6,US,35,afternoon,Excited,2,Espresso
7,GB,73,evening,Neutral,1,Americano
8,US,36,evening,Happy,1,Cappuccino
9,ES,77,afternoon,Sad,1,Americano
10,ES,16,morning,Sad,2,Americano
11,FR,34,afternoon,Happy,1,Espresso
12,IT,16,afternoon,Sad,1,Espresso
13,IT,31,morning,Neutral,1,Espresso
14,JP,36,evening,Excited,0,Espresso
15,IT,27,evening,Stressed,2,Americano
16,ES,21,morning,Sad,2,Espresso
17,GB,25,afternoon,Neutral,2,Cappuccino
18,US,16,afternoon,Happy,2,Espresso
19,IN,37,evening,Excited,3,Latte
20,IT,26,evening,Sad,0,Americano
21,US,40,morning,Stressed,2,Cappuccino
22,IT,22,morning,Stressed,1,Cappuccino
23,ES,58,morning,Neutral,1,Espresso
24,US,34,morning,Stressed,3,Latte
25,JP,39,afternoon,Stressed,2,Espresso
26,CA,91,evening,Stressed,2,Cappuccino
27,IT,26,morning,Sad,0,Latte
28,US,34,evening,Neutral,2,Espresso
29,US,20,evening,Excited,3,Espresso
30,US,50,evening,Neutral,1,Espresso
31,IT,30,afternoon,Excited,2,Americano
32,IT,31,morning,Stressed,1,Espresso
33,ES,56,morning,Sad,2,Cappuccino
34,ES,29,afternoon,Stressed,1,Latte
35,DE,64,evening,Happy,1,Latte
36,US,39,evening,Happy,2,Americano
37,ES,45,evening,Neutral,3,Latte
38,US,57,morning,Sad,0,Americano
39,DE,54,morning,Stressed,0,Espresso
40,ES,16,morning,Happy,3,Espresso
41,IT,85,afternoon,Excited,2,Latte
42,JP,45,morning,Stressed,2,Latte
43,IT,22,morning,Stressed,2,Americano
44,FR,28,morning,Stressed,0,Americano
45,FR,35,morning,Neutral,2,Americano
46,ES,22,evening,Happy,1,Americano
47,AU,16,afternoon,Neutral,2,Americano
48,AU,45,morning,Neutral,1,Americano
49,FR,34,morning,Sad,2,Espresso
50,GB,58,evening,Happy,2,Americano
51,IN,51,afternoon,Excited,2,Espresso
52,ES,62,afternoon,Sad,1,Americano
53,IN,50,afternoon,Sad,1,Espresso
54,ES,66,afternoon,Happy,2,Cappuccino
55,IT,43,evening,Sad,1,Americano
56,IT,33,evening,Neutral,1,Latte
57,CA,28,morning,Sad,2,Cappuccino
58,GB,86,morning,Stressed,2,Espresso
59,JP,18,afternoon,Neutral,1,Latte
60,JP,16,morning,Happy,2,Americano
61,JP,24,morning,Neutral,1,Americano
62,US,43,evening,Excited,2,Americano
63,JP,25,afternoon,Stressed,1,Latte
64,JP,35,morning,Sad,2,Americano
65,US,54,evening,Stressed,0,Espresso
66,GB,28,evening,Sad,1,Espresso
67,FR,75,morning,Excited,2,Latte
68,FR,16,evening,Excited,0,Cappuccino
69,AU,16,afternoon,Sad,2,Americano
70,US,48,afternoon,Happy,1,Cappuccino
71,FR,16,evening,Neutral,1,Cappuccino
72,GB,16,evening,Happy,3,Espresso
73,DE,18,morning,Excited,1,Latte
74,FR,53,afternoon,Excited,0,Cappuccino
75,AU,21,evening,Sad,2,Americano
76,JP,16,afternoon,Stressed,2,Cappuccino
77,ES,29,evening,Neutral,1,Latte
78,DE,45,evening,Happy,1,Americano
79,IN,48,afternoon,Happy,3,Espresso
80,GB,16,evening,Neutral,0,Espresso
81,IT,33,morning,Excited,1,Espresso
82,FR,17,morning,Excited,2,Espresso
83,GB,16,evening,Sad,1,Cappuccino
84,IT,48,evening,Sad,2,Latte
85,ES,16,evening,Happy,2,Cappuccino
86,ES,60,morning,Sad,1,Espresso
87,US,40,morning,Sad,2,Espresso
88,JP,19,morning,Stressed,1,Americano
89,IT,74,morning,Stressed,2,Cappuccino
90,GB,51,evening,Sad,1,Cappuccino
91,ES,48,evening,Stressed,2,Cappuccino
92,FR,51,morning,Happy,1,Espresso
93,IT,36,afternoon,Excited,3,Espresso
94,CA,64,morning,Sad,3,Americano
95,FR,32,evening,Stressed,1,Espresso
96,DE,39,afternoon,Neutral,0,Cappuccino
97,JP,52,morning,Stressed,0,Americano
98,ES,37,afternoon,Neutral,2,Americano
99,IT,53,morning,Excited,2,Cappuccino
100,US,38,morning,Sad,2,Espresso
101,US,46,evening,Sad,1,Americano
102,IN,16,morning,Stressed,1,Americano
103,AU,45,morning,Neutral,2,Espresso
104,IN,66,evening,Stressed,1,Americano
105,IT,38,evening,Neutral,1,Cappuccino
106,AU,53,evening,Stressed,1,Cappuccino
107,IN,64,evening,Neutral,2,Americano
108,US,70,evening,Stressed,2,Americano
109,US,16,evening,Happy,2,Espresso
110,US,32,morning,Stressed,2,Americano
111,JP,29,evening,Excited,2,Espresso
112,ES,44,afternoon,Happy,1,Americano
113,US,16,evening,Stressed,1,Latte
114,IN,46,evening,Excited,1,Americano
115,IT,56,evening,Stressed,2,Espresso
116,US,39,morning,Happy,2,Cappuccino
117,FR,43,morning,Neutral,1,Latte
118,FR,16,afternoon,Neutral,1,Espresso
119,US,51,morning,Excited,1,Espresso
120,IT,28,evening,Sad,1,Cappuccino
121,JP,47,evening,Sad,2,Latte
122,ES,23,evening,Stressed,2,Americano
123,IN,58,morning,Sad,1,Espresso
124,ES,16,morning,Stressed,3,Americano
125,GB,41,evening,Stressed,2,Espresso
126,ES,34,morning,Neutral,3,Espresso
127,GB,67,evening,Happy,0,Latte
128,FR,45,morning,Sad,0,Americano
129,ES,42,evening,Neutral,2,Espresso
130,IN,48,afternoon,Excited,2,Espresso
131,ES,46,afternoon,Sad,1,Espresso
132,AU,54,morning,Happy,2,Americano
133,US,16,evening,Happy,2,Latte
134,US,34,morning,Sad,1,Cappuccino
135,ES,24,morning,Sad,1,Americano
136,IN,69,morning,Neutral,1,Americano
137,GB,63,afternoon,Sad,1,Americano
138,DE,63,evening,Stressed,1,Americano
139,IT,82,evening,Happy,2,Espresso
140,DE,62,evening,Sad,2,Espresso
141,US,16,evening,Neutral,2,Americano
142,CA,33,evening,Happy,2,Americano
143,JP,62,evening,Sad,1,Espresso
144,IT,40,evening,Neutral,2,Espresso
145,GB,16,evening,Sad,2,Espresso
146,CA,38,evening,Excited,2,Cappuccino
147,US,22,morning,Sad,1,Espresso
148,IT,35,morning,Sad,2,Latte
149,US,36,morning,Excited,2,Americano
150,DE,31,morning,Neutral,3,Americano
151,IT,21,morning,Neutral,2,Americano
152,JP,31,morning,Stressed,2,Latte
153,AU,16,morning,Neutral,2,Latte
154,IT,37,morning,Stressed,0,Espresso
155,IN,34,afternoon,Neutral,1,Cappuccino
156,FR,44,morning,Sad,1,Espresso
157,AU,42,morning,Sad,2,Americano
158,ES,28,evening,Happy,2,Americano
159,IT,16,evening,Happy,2,Espresso
160,CA,29,evening,Neutral,1,Espresso
161,IT,46,afternoon,Neutral,2,Cappuccino
162,US,16,morning,Happy,1,Cappuccino
163,ES,50,morning,Stressed,2,Americano
164,FR,30,afternoon,Happy,2,Espresso
165,AU,16,morning,Stressed,2,Americano
166,AU,51,morning,Neutral,2,Cappuccino
167,AU,32,evening,Neutral,2,Espresso
168,IT,53,morning,Stressed,2,Espresso
169,IT,45,evening,Sad,1,Espresso
170,CA,37,morning,Neutral,1,Americano
171,ES,16,evening,Stressed,2,Espresso
172,JP,61,afternoon,Neutral,0,Espresso
173,DE,51,evening,Excited,1,Americano
174,ES,30,morning,Excited,1,Cappuccino
175,IT,58,evening,Neutral,2,Espresso
176,IN,20,evening,Excited,1,Espresso
177,CA,38,evening,Excited,1,Espresso
178,US,51,morning,Neutral,2,Espresso
179,JP,38,morning,Neutral,3,Americano
180,FR,49,morning,Excited,2,Americano
181,DE,16,morning,Excited,0,Americano
182,ES,72,morning,Excited,2,Americano
183,ES,27,morning,Neutral,0,Espresso
184,US,16,afternoon,Stressed,1,Americano
185,US,68,afternoon,Excited,2,Latte
186,US,52,evening,Stressed,2,Americano
187,US,16,evening,Happy,1,Latte
188,GB,38,morning,Excited,2,Americano
189,IT,71,morning,Excited,1,Latte
190,US,54,evening,Neutral,2,Latte
191,FR,42,afternoon,Neutral,2,Latte
192,ES,48,afternoon,Happy,3,Espresso
193,US,53,evening,Stressed,1,Americano
194,JP,16,afternoon,Sad,0,Latte
195,IT,30,morning,Neutral,2,Cappuccino
196,IN,16,evening,Stressed,2,Espresso
197,IN,42,morning,Sad,1,Espresso
198,JP,27,morning,Stressed,2,Latte
199,DE,51,evening,Excited,2,Cappuccino
200,FR,59,evening,Neutral,0,Espresso
201,FR,40,afternoon,Stressed,2,Latte
202,DE,46,evening,Happy,0,Espresso
203,US,39,evening,Sad,2,Americano
204,JP,37,afternoon,Excited,2,Americano
205,US,16,evening,Sad,0,Americano
206,IT,37,morning,Happy,1,Americano
207,GB,23,morning,Happy,1,Americano
208,US,16,afternoon,Sad,2,Latte
209,FR,17,morning,Sad,2,Cappuccino
210,IN,30,morning,Neutral,2,Espresso
211,DE,35,evening,Excited,1,Espresso
212,IT,51,morning,Sad,3,Espresso
213,AU,31,morning,Stressed,1,Espresso
214,AU,30,evening,Sad,1,Americano
215,FR,77,evening,Happy,1,Latte
216,FR,20,morning,Stressed,1,Cappuccino
217,US,24,evening,Happy,1,Espresso
218,AU,56,afternoon,Happy,2,Espresso
219,FR,61,evening,Sad,1,Americano
220,FR,62,evening,Excited,3,Espresso
221,AU,19,evening,Excited,3,Latte
222,GB,28,evening,Sad,1,Cappuccino
223,IN,55,morning,Excited,1,Espresso
224,AU,19,morning,Happy,0,Americano
225,US,38,afternoon,Neutral,1,Cappuccino
226,GB,16,morning,Neutral,2,Latte
227,US,34,evening,Neutral,2,Espresso
228,IN,30,evening,Stressed,2,Cappuccino
229,CA,16,evening,Sad,2,Espresso
230,AU,29,morning,Stressed,1,Latte
231,ES,35,morning,Stressed,1,Americano
232,ES,98,evening,Neutral,2,Cappuccino
233,CA,16,evening,Neutral,1,Latte
234,FR,30,evening,Happy,2,Latte
235,GB,46,afternoon,Happy,1,Espresso
236,IT,16,evening,Stressed,2,Espresso
237,IT,52,afternoon,Neutral,2,Latte
238,JP,16,morning,Sad,2,Espresso
239,IT,45,morning,Neutral,1,Espresso
240,JP,16,evening,Sad,1,Americano
241,US,16,morning,Happy,2,Espresso
242,US,20,afternoon,Sad,2,Espresso
243,JP,63,afternoon,Excited,2,Americano
244,IT,16,afternoon,Sad,2,Espresso
245,AU,39,evening,Neutral,1,Americano
246,IN,36,morning,Excited,2,Latte
247,IN,47,evening,Happy,2,Americano
248,IT,16,morning,Neutral,1,Espresso
249,US,16,morning,Stressed,2,Espresso
250,US,57,morning,Neutral,2,Americano
251,AU,16,evening,Neutral,2,Latte
252,AU,16,afternoon,Stressed,1,Cappuccino
253,AU,46,morning,Neutral,2,Latte
254,US,36,morning,Sad,0,Americano
255,US,20,morning,Excited,1,Latte
256,AU,32,morning,Sad,1,Espresso
257,ES,36,morning,Excited,2,Espresso
258,IN,37,afternoon,Neutral,0,Espresso
259,US,88,morning,Sad,1,Americano
260,IT,59,afternoon,Neutral,2,Americano
261,IT,47,afternoon,Sad,1,Americano
262,US,17,afternoon,Sad,1,Espresso
263,GB,54,evening,Sad,1,Cappuccino
264,IN,16,morning,Excited,1,Americano
265,ES,31,evening,Excited,3,Espresso
266,JP,31,morning,Stressed,2,Americano
267,DE,28,morning,Excited,0,Americano
268,JP,16,afternoon,Neutral,2,Latte
269,JP,16,afternoon,Neutral,1,Americano
270,JP,52,afternoon,Sad,1,Espresso
271,IT,48,morning,Excited,2,Espresso
272,DE,31,evening,Sad,1,Americano
273,DE,22,morning,Stressed,3,Espresso
274,IN,44,evening,Excited,2,Espresso
275,JP,16,morning,Excited,0,Americano
276,DE,16,morning,Happy,2,Americano
277,US,42,evening,Stressed,1,Americano
278,FR,27,morning,Sad,1,Cappuccino
279,ES,46,morning,Neutral,1,Latte
280,DE,51,morning,Stressed,1,Latte
281,ES,51,afternoon,Happy,1,Americano
282,IT,29,morning,Sad,2,Espresso
283,JP,43,evening,Stressed,1,Americano
284,US,21,afternoon,Excited,0,Latte
285,JP,54,evening,Excited,1,Latte
286,FR,19,evening,Stressed,1,Espresso
287,JP,38,morning,Sad,0,Americano
288,US,50,morning,Happy,0,Latte
289,ES,28,afternoon,Excited,1,Americano
290,JP,55,afternoon,Excited,1,Americano
291,IT,16,evening,Happy,2,Latte
292,FR,35,evening,Excited,1,Latte
293,GB,45,morning,Happy,3,Espresso
294,IN,26,evening,Neutral,2,Americano
295,DE,27,morning,Excited,1,Latte
296,FR,45,morning,Happy,1,Americano
297,IT,39,morning,Excited,2,Espresso
298,IN,16,morning,Happy,1,Espresso
299,IN,44,morning,Neutral,0,Americano
300,DE,48,afternoon,Happy,1,Americano
301,IT,16,morning,Stressed,2,Americano
302,JP,27,morning,Stressed,3,Espresso
303,IN,54,evening,Sad,3,Espresso
304,JP,19,morning,Happy,2,Americano
305,US,21,evening,Happy,0,Espresso
306,AU,27,morning,Excited,1,Espresso
307,FR,64,evening,Happy,1,Cappuccino
308,FR,41,afternoon,Sad,1,Cappuccino
309,GB,27,morning,Sad,2,Americano
310,IN,33,evening,Neutral,1,Espresso
311,IN,30,evening,Sad,1,Americano
312,JP,48,morning,Stressed,0,Americano
313,CA,16,evening,Sad,2,Espresso
314,JP,37,evening,Excited,2,Espresso
315,AU,63,morning,Neutral,2,Americano
316,US,33,evening,Happy,2,Espresso
317,US,52,morning,Excited,1,Americano
318,GB,27,morning,Stressed,1,Espresso
319,FR,25,afternoon,Neutral,3,Americano
320,US,53,evening,Neutral,3,Americano
321,GB,63,afternoon,Stressed,2,Latte
322,ES,18,evening,Excited,3,Latte
323,US,67,morning,Sad,2,Latte
324,US,16,morning,Happy,3,Americano
325,IN,21,morning,Excited,2,Espresso
326,AU,44,morning,Sad,0,Espresso
327,FR,27,afternoon,Excited,1,Latte
328,IT,30,morning,Neutral,3,Americano
329,IT,40,evening,Excited,1,Americano
330,AU,45,evening,Stressed,1,Espresso
331,FR,33,morning,Stressed,1,Americano
332,DE,45,morning,Stressed,1,Espresso
333,FR,31,evening,Sad,2,Latte
334,AU,34,evening,Neutral,0,Americano
335,US,24,morning,Happy,2,Espresso
336,US,46,afternoon,Excited,1,Espresso
337,US,56,morning,Sad,1,Americano
338,ES,19,afternoon,Excited,2,Espresso
339,GB,29,evening,Neutral,1,Cappuccino
340,JP,16,evening,Sad,2,Latte
341,ES,62,evening,Sad,2,Americano
342,FR,16,morning,Sad,2,Espresso
343,IN,34,morning,Happy,2,Latte
344,ES,21,morning,Stressed,2,Americano
345,IN,25,evening,Neutral,2,Latte
346,IT,28,morning,Excited,2,Americano
347,US,35,afternoon,Excited,1,Latte
348,ES,65,evening,Excited,1,Latte
349,US,36,morning,Stressed,2,Espresso
350,US,29,evening,Excited,1,Cappuccino
351,JP,38,evening,Sad,2,Americano
352,CA,53,morning,Excited,0,Espresso
353,DE,45,evening,Neutral,2,Cappuccino
354,IT,20,morning,Excited,1,Cappuccino
355,FR,29,morning,Neutral,0,Americano
356,IT,33,morning,Happy,2,Latte
357,US,16,evening,Happy,0,Espresso
358,IN,47,evening,Stressed,0,Cappuccino
359,FR,25,morning,Excited,1,Cappuccino
360,JP,54,morning,Excited,0,Latte
361,IT,25,morning,Happy,2,Latte
362,AU,50,evening,Stressed,3,Espresso
363,CA,58,evening,Stressed,2,Cappuccino
364,ES,26,morning,Excited,2,Latte
365,IT,16,evening,Happy,3,Latte
366,GB,16,afternoon,Happy,1,Latte
367,AU,60,morning,Sad,2,Cappuccino
368,JP,39,morning,Sad,3,Espresso
369,US,63,afternoon,Stressed,1,Americano
370,CA,28,morning,Stressed,2,Cappuccino
371,CA,16,afternoon,Excited,2,Americano
372,JP,32,evening,Stressed,1,Americano
373,GB,29,morning,Stressed,2,Latte
374,JP,31,morning,Neutral,1,Americano
375,JP,23,afternoon,Excited,3,Espresso
376,US,48,afternoon,Neutral,2,Espresso
377,US,16,evening,Neutral,2,Espresso
378,IT,35,afternoon,Sad,1,Americano
379,US,42,afternoon,Neutral,2,Espresso
380,FR,44,afternoon,Sad,1,Cappuccino
381,GB,57,afternoon,Happy,3,Latte
382,CA,30,morning,Sad,2,Latte
383,JP,66,evening,Excited,1,Americano
384,FR,16,afternoon,Neutral,2,Espresso
385,ES,83,evening,Stressed,1,Cappuccino
386,IT,71,morning,Neutral,3,Cappuccino
387,DE,44,evening,Happy,2,Cappuccino
388,CA,73,morning,Happy,1,Americano
389,IT,43,morning,Happy,2,Americano
390,IN,74,evening,Neutral,1,Americano
391,ES,38,evening,Happy,0,Americano
392,DE,16,morning,Excited,1,Espresso
393,CA,43,morning,Neutral,2,Americano
394,JP,34,afternoon,Sad,3,Espresso
395,FR,18,morning,Neutral,2,Americano
396,CA,48,evening,Stressed,0,Latte
397,CA,62,evening,Stressed,3,Cappuccino
398,FR,16,afternoon,Happy,2,Latte
399,US,21,evening,Sad,2,Espresso
400,IN,16,morning,Neutral,1,Latte
401,US,28,afternoon,Sad,1,Cappuccino
402,IT,71,morning,Stressed,1,Americano
403,US,42,evening,Excited,1,Espresso
404,GB,37,evening,Neutral,1,Latte
405,ES,20,morning,Excited,2,Americano
406,IT,40,morning,Neutral,2,Latte
407,JP,32,afternoon,Happy,2,Latte
408,IN,36,afternoon,Stressed,1,Latte
409,AU,26,morning,Excited,3,Americano
410,FR,58,afternoon,Excited,1,Espresso
411,ES,57,morning,Neutral,0,Espresso
412,GB,37,evening,Excited,0,Americano
413,AU,61,afternoon,Sad,3,Americano
414,IT,47,afternoon,Happy,2,Latte
415,US,29,morning,Happy,1,Americano
416,JP,42,afternoon,Stressed,1,Americano
417,IN,16,evening,Happy,1,Espresso
418,US,43,evening,Sad,3,Cappuccino
419,FR,22,afternoon,Sad,2,Americano
420,GB,46,morning,Stressed,0,Americano
421,FR,16,morning,Sad,1,Americano
422,IT,49,morning,Stressed,0,Espresso
423,JP,35,morning,Sad,0,Espresso
424,IN,17,evening,Sad,0,Americano
425,IN,28,morning,Sad,0,Americano
426,IN,32,evening,Sad,3,Cappuccino
427,FR,35,evening,Stressed,1,Americano
428,CA,16,evening,Neutral,1,Americano
429,DE,42,evening,Excited,1,Latte
430,GB,16,morning,Neutral,0,Latte
431,IN,25,afternoon,Happy,1,Espresso
432,FR,16,evening,Sad,0,Americano
433,IN,42,afternoon,Excited,2,Americano
434,FR,25,afternoon,Stressed,1,Espresso
435,ES,16,afternoon,Stressed,2,Espresso
436,ES,16,morning,Sad,1,Latte
437,IT,44,morning,Sad,0,Americano
438,US,33,morning,Sad,2,Espresso
439,US,41,evening,Happy,2,Cappuccino
440,GB,16,evening,Neutral,2,Espresso
441,FR,56,evening,Excited,3,Latte
442,ES,16,morning,Neutral,3,Americano
443,GB,16,evening,Sad,0,Latte
444,US,70,morning,Neutral,1,Espresso
445,ES,35,afternoon,Neutral,2,Espresso
446,ES,16,evening,Excited,2,Americano
447,AU,36,evening,Excited,1,Latte
448,US,18,evening,Happy,1,Americano
449,CA,68,morning,Neutral,3,Espresso
450,FR,27,evening,Sad,2,Espresso
451,FR,32,morning,Neutral,0,Americano
452,IT,29,morning,Stressed,3,Americano
453,US,24,afternoon,Neutral,1,Latte
454,IT,20,evening,Sad,2,Cappuccino
455,US,24,morning,Sad,1,Cappuccino
456,ES,37,morning,Excited,1,Cappuccino
457,JP,45,evening,Sad,0,Espresso
458,US,45,morning,Neutral,2,Americano
459,ES,16,morning,Neutral,2,Latte
460,IT,20,morning,Happy,0,Americano
461,FR,47,morning,Stressed,0,Americano
462,DE,51,evening,Happy,3,Americano
463,CA,39,evening,Excited,1,Espresso
464,ES,24,afternoon,Neutral,1,Americano
465,JP,16,evening,Sad,2,Espresso
466,AU,53,afternoon,Happy,1,Espresso
467,GB,31,afternoon,Neutral,1,Espresso
468,JP,29,morning,Neutral,2,Cappuccino
469,ES,38,morning,Sad,2,Americano
470,ES,26,morning,Neutral,2,Espresso
471,GB,41,afternoon,Excited,0,Cappuccino
472,JP,45,morning,Excited,3,Cappuccino
473,FR,38,evening,Excited,1,Espresso
474,FR,22,evening,Happy,1,Americano
475,CA,47,evening,Neutral,2,Americano
476,US,54,morning,Excited,2,Latte
477,US,48,morning,Happy,3,Americano
478,GB,16,afternoon,Happy,0,Americano
479,FR,16,evening,Stressed,1,Espresso
480,ES,16,morning,Neutral,2,Americano
481,ES,64,evening,Happy,2,Americano
482,GB,54,evening,Happy,1,Latte
483,ES,25,evening,Sad,2,Espresso
484,ES,16,evening,Neutral,2,Latte
485,CA,44,afternoon,Stressed,1,Cappuccino
486,ES,16,morning,Stressed,2,Americano
487,US,16,morning,Stressed,2,Americano
488,US,38,afternoon,Stressed,3,Espresso
489,US,27,evening,Excited,1,Latte
490,IN,46,evening,Stressed,2,Americano
491,ES,51,morning,Neutral,2,Cappuccino
492,US,27,evening,Happy,2,Americano
493,GB,16,evening,Neutral,2,Espresso
494,AU,48,evening,Excited,1,Cappuccino
495,JP,16,evening,Neutral,2,Latte
496,FR,43,evening,Neutral,1,Cappuccino
497,ES,86,morning,Happy,1,Latte
498,ES,29,afternoon,Stressed,2,Latte
499,US,33,evening,Happy,2,Latte
500,US,21,evening,Sad,1,Americano
501,US,36,morning,Neutral,2,Cappuccino
502,ES,61,evening,Sad,2,Espresso
503,IT,16,afternoon,Happy,1,Espresso
504,ES,27,evening,Excited,2,Espresso
505,CA,16,afternoon,Sad,0,Americano
506,ES,39,morning,Neutral,2,Latte
507,US,28,morning,Excited,2,Espresso
508,IN,17,morning,Excited,2,Americano
509,IT,27,evening,Neutral,3,Cappuccino
510,FR,19,afternoon,Excited,1,Cappuccino
511,IN,55,evening,Sad,1,Americano
512,US,19,morning,Sad,2,Espresso
513,FR,45,afternoon,Sad,2,Latte
514,IT,19,afternoon,Neutral,1,Cappuccino
515,US,68,evening,Sad,1,Americano
516,JP,45,morning,Happy,2,Espresso
517,GB,36,morning,Sad,2,Americano
518,CA,31,evening,Excited,2,Americano
519,ES,16,morning,Sad,1,Espresso
520,ES,62,evening,Sad,1,Latte
521,IN,29,morning,Neutral,1,Espresso
522,DE,20,evening,Sad,2,Espresso
523,ES,53,evening,Neutral,1,Americano
524,DE,53,morning,Sad,0,Espresso
525,IN,16,evening,Happy,2,Americano
526,GB,16,afternoon,Stressed,2,Latte
527,US,16,evening,Excited,2,Americano
528,JP,56,evening,Sad,1,Espresso
529,JP,24,evening,Happy,1,Espresso
530,CA,31,evening,Sad,2,Americano
531,US,16,afternoon,Stressed,1,Americano
532,FR,61,afternoon,Excited,2,Espresso
533,ES,16,morning,Neutral,1,Espresso
534,CA,53,evening,Stressed,1,Americano
535,CA,16,evening,Stressed,1,Americano
536,CA,57,morning,Happy,1,Americano
537,JP,48,afternoon,Neutral,2,Espresso
538,IT,16,afternoon,Sad,3,Espresso
539,GB,31,evening,Neutral,3,Cappuccino
540,FR,19,evening,Stressed,2,Americano
541,US,44,afternoon,Stressed,3,Cappuccino
542,AU,32,evening,Sad,2,Americano
543,IN,49,morning,Stressed,2,Espresso
544,IT,99,afternoon,Sad,2,Americano
545,CA,33,afternoon,Happy,2,Espresso
546,JP,73,morning,Excited,2,Espresso
547,IT,24,afternoon,Stressed,1,Cappuccino
548,US,38,morning,Neutral,1,Espresso
549,CA,16,evening,Excited,2,Espresso
550,AU,22,afternoon,Sad,1,Latte
551,US,35,evening,Stressed,2,Cappuccino
552,CA,42,evening,Excited,1,Americano
553,IT,39,morning,Sad,2,Americano
554,FR,31,afternoon,Neutral,1,Espresso
555,AU,23,morning,Happy,3,Espresso
556,CA,17,morning,Stressed,1,Espresso
557,DE,24,afternoon,Stressed,3,Americano
558,ES,30,morning,Excited,1,Americano
559,DE,17,afternoon,Stressed,1,Cappuccino
560,ES,16,morning,Stressed,1,Americano
561,IN,18,evening,Stressed,0,Cappuccino
562,JP,42,evening,Neutral,2,Americano
563,DE,16,afternoon,Stressed,1,Espresso
564,IN,47,evening,Neutral,0,Americano
565,GB,16,evening,Excited,3,Americano
566,IN,27,morning,Neutral,2,Cappuccino
567,AU,16,evening,Excited,2,Espresso
568,DE,42,evening,Excited,0,Espresso
569,CA,17,morning,Excited,2,Americano
570,IN,35,afternoon,Stressed,1,Espresso
571,DE,16,afternoon,Sad,2,Espresso
572,FR,69,morning,Stressed,1,Cappuccino
573,CA,16,morning,Neutral,1,Espresso
574,DE,16,evening,Excited,1,Americano
575,US,25,afternoon,Excited,2,Espresso
576,CA,59,morning,Excited,2,Cappuccino
577,CA,42,evening,Happy,1,Americano
578,ES,22,evening,Neutral,1,Espresso
579,IN,19,morning,Sad,2,Americano
580,IT,16,afternoon,Happy,2,Cappuccino
581,IN,23,afternoon,Neutral,1,Latte
582,GB,27,morning,Happy,2,Americano
583,FR,36,evening,Stressed,2,Americano
584,ES,45,evening,Neutral,0,Cappuccino
585,US,39,morning,Sad,1,Espresso
586,GB,32,evening,Neutral,1,Americano
587,CA,38,evening,Stressed,1,Cappuccino
588,GB,39,morning,Neutral,2,Americano
589,JP,39,morning,Excited,1,Espresso
590,ES,40,evening,Stressed,3,Cappuccino
591,IN,26,evening,Happy,1,Espresso
592,IT,16,evening,Excited,1,Americano
593,US,39,evening,Happy,1,Americano
594,GB,35,morning,Excited,3,Cappuccino
595,ES,51,evening,Excited,1,Americano
596,ES,26,evening,Happy,2,Espresso
597,AU,66,afternoon,Neutral,2,Cappuccino
598,US,54,morning,Neutral,2,Cappuccino
599,US,51,morning,Stressed,1,Cappuccino
600,IN,16,morning,Excited,2,Americano
601,CA,49,evening,Excited,2,Espresso
602,IT,16,morning,Stressed,2,Latte
603,CA,34,afternoon,Happy,2,Cappuccino
604,GB,44,morning,Neutral,2,Espresso
605,ES,16,afternoon,Happy,1,Cappuccino
606,JP,28,morning,Neutral,2,Americano
607,ES,55,afternoon,Sad,1,Espresso
608,DE,76,evening,Stressed,1,Americano
609,IN,27,morning,Happy,1,Americano
610,US,49,morning,Happy,0,Latte
611,ES,50,evening,Excited,1,Americano
612,IT,16,evening,Happy,1,Cappuccino
613,JP,44,evening,Happy,3,Latte
614,US,22,evening,Sad,1,Latte
615,ES,16,morning,Stressed,2,Latte
616,ES,58,evening,Sad,3,Cappuccino
617,FR,42,morning,Excited,1,Espresso
618,AU,75,evening,Stressed,2,Espresso
619,IN,50,morning,Neutral,1,Americano
620,IT,32,evening,Happy,1,Espresso
621,ES,23,evening,Happy,1,Americano
622,AU,16,morning,Sad,2,Americano
623,IT,57,evening,Sad,2,Americano
624,IT,50,evening,Excited,1,Espresso
625,IT,40,evening,Stressed,2,Americano
626,AU,60,evening,Excited,1,Cappuccino
627,AU,33,morning,Excited,0,Americano
628,IT,25,morning,Stressed,2,Americano
629,FR,35,evening,Excited,1,Americano
630,IT,41,morning,Excited,1,Latte
631,GB,64,afternoon,Neutral,1,Americano
632,AU,16,evening,Sad,1,Latte
633,US,26,morning,Stressed,3,Americano
634,ES,16,evening,Happy,2,Americano
635,AU,20,evening,Happy,1,Espresso
636,IT,34,evening,Happy,2,Americano
637,IN,59,evening,Stressed,0,Cappuccino
638,ES,31,afternoon,Excited,1,Espresso
639,IT,17,morning,Neutral,2,Cappuccino
640,ES,35,evening,Sad,2,Espresso
641,JP,31,afternoon,Sad,2,Espresso
642,IT,35,evening,Sad,2,Americano
643,JP,66,morning,Stressed,1,Cappuccino
644,GB,27,morning,Sad,1,Americano
645,ES,30,afternoon,Sad,1,Americano
646,ES,30,morning,Sad,2,Cappuccino
647,ES,16,evening,Excited,2,Latte
648,IT,56,morning,Happy,3,Cappuccino
649,US,64,morning,Neutral,2,Americano
650,JP,68,afternoon,Happy,3,Espresso
651,GB,16,morning,Happy,2,Latte
652,DE,27,afternoon,Neutral,2,Americano
653,JP,16,evening,Stressed,2,Cappuccino
654,IN,34,morning,Sad,1,Espresso
655,IT,40,morning,Sad,1,Espresso
656,IT,45,morning,Neutral,1,Americano
657,US,16,morning,Excited,2,Latte
658,GB,16,morning,Sad,1,Espresso
659,IN,32,morning,Happy,1,Espresso
660,ES,27,afternoon,Sad,0,Espresso
661,US,16,morning,Neutral,0,Americano
662,FR,16,evening,Neutral,2,Americano
663,IN,27,morning,Happy,1,Latte
664,AU,38,evening,Happy,2,Espresso
665,IT,37,evening,Neutral,0,Americano
666,IT,46,afternoon,Sad,1,Espresso
667,AU,62,evening,Happy,0,Cappuccino
668,FR,16,morning,Neutral,3,Cappuccino
669,IT,30,evening,Neutral,2,Americano
670,GB,35,morning,Sad,1,Espresso
671,DE,31,evening,Sad,0,Americano
672,AU,25,morning,Neutral,1,Latte
673,IN,25,evening,Neutral,0,Espresso
674,IT,16,afternoon,Sad,2,Latte
675,ES,50,evening,Sad,1,Americano
676,FR,28,morning,Excited,3,Latte
677,AU,19,evening,Neutral,2,Americano
678,FR,50,evening,Happy,1,Espresso
679,US,16,morning,Happy,0,Espresso
680,AU,44,evening,Happy,3,Espresso
681,ES,17,morning,Sad,1,Americano
682,IN,49,evening,Excited,2,Americano
683,CA,28,morning,Happy,1,Espresso
684,FR,56,evening,Happy,2,Cappuccino
685,IN,16,evening,Sad,1,Americano
686,CA,28,evening,Neutral,1,Latte
687,DE,38,afternoon,Stressed,0,Cappuccino
688,ES,24,evening,Neutral,2,Americano
689,GB,40,evening,Stressed,2,Espresso
690,IT,16,evening,Neutral,3,Americano
691,ES,41,evening,Excited,1,Cappuccino
692,IN,30,afternoon,Excited,1,Espresso
693,ES,25,evening,Neutral,2,Americano
694,IT,17,morning,Excited,2,Latte
695,GB,44,morning,Sad,1,Espresso
696,IT,67,evening,Sad,1,Espresso
697,FR,32,evening,Sad,1,Cappuccino
698,US,16,evening,Happy,2,Cappuccino
699,ES,36,evening,Sad,2,Espresso
700,IT,45,morning,Neutral,0,Cappuccino
701,IN,36,afternoon,Excited,1,Americano
702,IT,55,morning,Sad,3,Espresso
703,IN,16,evening,Excited,2,Cappuccino
704,US,37,morning,Happy,1,Latte
705,GB,21,afternoon,Stressed,2,Espresso
706,CA,25,morning,Sad,2,Americano
707,ES,20,afternoon,Stressed,1,Espresso
708,IT,16,evening,Excited,3,Americano
709,AU,16,afternoon,Stressed,0,Latte
710,CA,21,evening,Happy,1,Latte
711,IN,37,morning,Happy,1,Espresso
712,IN,22,morning,Stressed,1,Latte
713,JP,24,morning,Neutral,1,Americano
714,DE,21,afternoon,Sad,1,Americano
715,DE,30,morning,Neutral,3,Espresso
716,JP,16,afternoon,Sad,2,Cappuccino
717,CA,73,evening,Excited,2,Cappuccino
718,US,33,morning,Sad,1,Espresso
719,ES,16,afternoon,Neutral,2,Americano
720,ES,16,morning,Happy,1,Cappuccino
721,CA,16,morning,Stressed,3,Espresso
722,IN,27,morning,Stressed,0,Americano
723,DE,67,evening,Neutral,1,Espresso
724,IN,44,morning,Excited,1,Cappuccino
725,IN,34,morning,Stressed,2,Espresso
726,DE,24,morning,Sad,1,Latte
727,ES,29,evening,Stressed,1,Espresso
728,ES,58,evening,Happy,1,Cappuccino
729,CA,91,evening,Happy,1,Latte
730,CA,30,evening,Happy,0,Espresso
731,IN,33,evening,Happy,1,Espresso
732,JP,26,evening,Sad,2,Americano
733,US,28,evening,Happy,1,Americano
734,CA,31,evening,Excited,2,Americano
735,AU,44,afternoon,Sad,2,Americano
736,FR,16,afternoon,Happy,2,Americano
737,IT,54,afternoon,Neutral,2,Americano
738,ES,40,morning,Excited,2,Cappuccino
739,DE,56,evening,Sad,2,Cappuccino
740,IT,21,afternoon,Sad,1,Latte
741,JP,87,afternoon,Sad,2,Latte
742,AU,71,morning,Sad,1,Latte
743,JP,32,morning,Excited,2,Latte
744,ES,24,afternoon,Excited,3,Espresso
745,DE,16,evening,Happy,3,Americano
746,CA,31,afternoon,Stressed,1,Latte
747,AU,40,afternoon,Excited,1,Espresso
748,FR,18,evening,Sad,2,Espresso
749,IT,29,afternoon,Happy,2,Americano
750,IT,33,afternoon,Stressed,1,Americano
751,FR,29,evening,Stressed,3,Americano
752,ES,22,morning,Happy,1,Cappuccino
753,IT,16,afternoon,Sad,2,Espresso
754,JP,21,evening,Happy,2,Americano
755,JP,67,evening,Neutral,2,Cappuccino
756,JP,27,morning,Neutral,2,Espresso
757,CA,52,afternoon,Happy,2,Cappuccino
758,IT,19,afternoon,Neutral,3,Cappuccino
759,ES,51,morning,Sad,2,Americano
760,DE,16,evening,Stressed,2,Espresso
761,IN,40,afternoon,Happy,3,Americano
762,US,29,morning,Excited,1,Americano
763,FR,16,evening,Happy,2,Espresso
764,IN,16,morning,Sad,2,Latte
765,IT,77,evening,Neutral,1,Americano
766,IN,58,afternoon,Stressed,2,Americano
767,ES,16,morning,Stressed,1,Cappuccino
768,DE,43,evening,Sad,1,Cappuccino
769,CA,33,evening,Happy,2,Espresso
770,IN,35,evening,Stressed,2,Americano
771,IT,80,afternoon,Happy,1,Espresso
772,GB,16,evening,Stressed,1,Cappuccino
773,DE,29,evening,Excited,2,Americano
774,IT,16,evening,Excited,1,Americano
775,GB,16,afternoon,Sad,2,Cappuccino
776,AU,36,evening,Stressed,1,Americano
777,ES,34,morning,Happy,1,Americano
778,GB,16,morning,Stressed,2,Americano
779,US,16,evening,Stressed,2,Americano
780,US,25,evening,Neutral,2,Latte
781,IN,47,morning,Happy,2,Americano
782,IT,43,morning,Stressed,1,Americano
783,IT,45,afternoon,Neutral,2,Cappuccino
784,FR,16,afternoon,Neutral,1,Espresso
785,JP,21,morning,Sad,1,Americano
786,US,31,evening,Excited,2,Americano
787,IN,53,morning,Excited,2,Latte
788,FR,16,evening,Stressed,1,Espresso
789,AU,55,evening,Happy,2,Cappuccino
790,GB,23,morning,Happy,2,Cappuccino
791,JP,16,morning,Sad,2,Americano
792,JP,29,afternoon,Excited,2,Espresso
793,US,45,afternoon,Neutral,0,Americano
794,JP,69,evening,Happy,2,Americano
795,JP,16,evening,Happy,1,Americano
796,IN,27,morning,Excited,2,Americano
797,ES,48,evening,Stressed,2,Cappuccino
798,US,22,morning,Happy,2,Espresso
799,US,26,evening,Stressed,2,Cappuccino
800,IN,62,morning,Neutral,3,Cappuccino
801,IT,18,afternoon,Stressed,3,Cappuccino
802,CA,57,afternoon,Excited,2,Espresso
803,FR,16,evening,Happy,1,Cappuccino
804,IN,26,afternoon,Excited,2,Cappuccino
805,US,32,morning,Neutral,2,Espresso
806,US,55,morning,Neutral,2,Espresso
807,GB,72,afternoon,Neutral,2,Cappuccino
808,ES,49,evening,Sad,1,Americano
809,IT,23,morning,Stressed,1,Americano
810,ES,27,morning,Stressed,1,Cappuccino
811,IN,16,morning,Sad,1,Americano
812,US,31,morning,Neutral,2,Americano
813,JP,66,morning,Excited,0,Espresso
814,IT,44,evening,Happy,2,Espresso
815,DE,45,morning,Neutral,1,Cappuccino
816,ES,70,evening,Neutral,1,Latte
817,DE,82,afternoon,Happy,2,Espresso
818,JP,52,evening,Stressed,2,Espresso
819,US,61,morning,Happy,1,Latte
820,AU,16,morning,Stressed,3,Cappuccino
821,US,48,evening,Excited,2,Cappuccino
822,CA,38,evening,Sad,1,Americano
823,US,17,evening,Neutral,2,Espresso
824,GB,56,morning,Sad,3,Americano
825,CA,48,afternoon,Sad,2,Espresso
826,AU,20,evening,Excited,0,Americano
827,AU,22,evening,Stressed,3,Latte
828,FR,58,afternoon,Sad,3,Latte
829,IT,53,afternoon,Stressed,2,Americano
830,US,16,evening,Stressed,1,Americano
831,JP,51,evening,Happy,1,Latte
832,GB,16,evening,Happy,0,Cappuccino
833,CA,46,morning,Excited,1,Cappuccino
834,GB,16,morning,Excited,1,Cappuccino
835,FR,35,morning,Neutral,3,Latte
836,IT,46,evening,Stressed,2,Cappuccino
837,JP,31,evening,Excited,0,Cappuccino
838,AU,62,evening,Stressed,2,Americano
839,ES,16,morning,Stressed,2,Espresso
840,FR,33,afternoon,Happy,2,Espresso
841,FR,65,evening,Neutral,3,Americano
842,CA,29,evening,Neutral,1,Espresso
843,ES,44,evening,Neutral,2,Espresso
844,ES,23,morning,Excited,1,Espresso
845,IN,37,morning,Happy,2,Espresso
846,AU,16,morning,Stressed,1,Espresso
847,IT,44,morning,Happy,2,Espresso
848,JP,16,morning,Excited,1,Espresso
849,IN,45,evening,Sad,2,Latte
850,IN,20,afternoon,Excited,2,Espresso
851,IN,22,afternoon,Sad,1,Americano
852,FR,31,morning,Neutral,2,Americano
853,US,41,morning,Stressed,2,Espresso
854,ES,39,afternoon,Stressed,2,Espresso
855,IT,76,morning,Neutral,1,Americano
856,GB,19,morning,Sad,1,Cappuccino
857,IT,34,evening,Excited,0,Americano
858,GB,34,evening,Neutral,1,Espresso
859,US,16,evening,Stressed,0,Cappuccino
860,FR,89,evening,Stressed,1,Espresso
861,IT,78,evening,Sad,2,Espresso
862,IT,38,morning,Happy,1,Espresso
863,US,16,evening,Stressed,3,Cappuccino
864,AU,42,evening,Sad,1,Cappuccino
865,IN,16,morning,Stressed,1,Espresso
866,IN,16,evening,Happy,1,Americano
867,ES,30,morning,Stressed,2,Americano
868,IN,37,evening,Neutral,1,Americano
869,JP,32,evening,Excited,1,Espresso
870,US,16,morning,Happy,0,Latte
871,CA,43,evening,Sad,2,Espresso
872,ES,26,evening,Happy,0,Espresso
873,ES,52,morning,Sad,2,Latte
874,IT,44,evening,Stressed,1,Espresso
875,IN,78,morning,Stressed,2,Cappuccino
876,JP,30,evening,Stressed,2,Cappuccino
877,ES,34,evening,Happy,1,Espresso
878,ES,45,evening,Neutral,0,Latte
879,DE,46,evening,Neutral,2,Americano
880,IN,44,morning,Happy,1,Americano
881,US,37,evening,Sad,1,Espresso
882,JP,42,morning,Stressed,2,Latte
883,GB,16,afternoon,Sad,2,Americano
884,IT,50,afternoon,Excited,1,Latte
885,ES,63,afternoon,Sad,2,Latte
886,IT,52,evening,Stressed,1,Espresso
887,IT,61,afternoon,Neutral,1,Cappuccino
888,ES,16,afternoon,Happy,1,Americano
889,IT,38,morning,Neutral,2,Americano
890,JP,33,morning,Happy,3,Latte
891,DE,17,evening,Excited,1,Espresso
892,CA,32,morning,Stressed,2,Cappuccino
893,FR,41,morning,Happy,2,Espresso
894,US,60,morning,Happy,3,Americano
895,US,53,evening,Stressed,2,Americano
896,DE,18,morning,Sad,2,Espresso
897,US,49,evening,Sad,1,Americano
898,FR,16,morning,Happy,1,Cappuccino
899,DE,43,morning,Happy,0,Cappuccino
900,JP,52,evening,Stressed,2,Espresso
901,GB,27,evening,Stressed,2,Espresso
902,AU,44,morning,Happy,3,Americano
903,US,16,morning,Sad,2,Cappuccino
904,IN,30,evening,Sad,2,Espresso
905,US,31,morning,Neutral,2,Americano
906,FR,28,evening,Stressed,2,Latte
907,DE,79,morning,Stressed,2,Espresso
908,AU,58,afternoon,Sad,0,Americano
909,AU,74,morning,Excited,0,Espresso
910,FR,47,morning,Happy,2,Americano
911,JP,27,morning,Sad,1,Latte
912,CA,41,evening,Sad,2,Latte
913,CA,46,evening,Happy,1,Espresso
914,ES,40,evening,Happy,2,Americano
915,IN,31,evening,Stressed,0,Americano
916,AU,31,afternoon,Neutral,2,Cappuccino
917,JP,46,evening,Happy,1,Americano
918,ES,16,afternoon,Neutral,0,Americano
919,AU,17,morning,Neutral,1,Cappuccino
920,FR,34,morning,Excited,1,Americano
921,FR,68,afternoon,Neutral,2,Espresso
922,FR,70,evening,Neutral,2,Espresso
923,ES,42,morning,Sad,1,Americano
924,IT,16,evening,Neutral,2,Americano
925,ES,58,morning,Sad,2,Espresso
926,DE,36,evening,Sad,1,Americano
927,JP,48,evening,Neutral,2,Americano
928,US,83,morning,Sad,1,Americano
929,FR,99,morning,Sad,3,Americano
930,IT,27,morning,Excited,2,Espresso
931,FR,28,evening,Neutral,3,Americano
932,IN,41,afternoon,Happy,2,Americano
933,GB,54,evening,Sad,1,Cappuccino
934,CA,34,evening,Stressed,3,Espresso
935,US,47,evening,Sad,2,Americano
936,IT,21,evening,Happy,2,Espresso
937,US,43,morning,Sad,1,Latte
938,ES,56,evening,Happy,3,Americano
939,FR,39,morning,Happy,2,Americano
940,FR,46,morning,Neutral,3,Espresso
941,DE,16,morning,Excited,1,Americano
942,IN,29,evening,Sad,2,Americano
943,US,16,evening,Sad,3,Latte
944,FR,41,evening,Happy,3,Espresso
945,US,54,evening,Excited,2,Espresso
946,IN,33,morning,Happy,2,Espresso
947,IT,46,morning,Happy,2,Americano
948,FR,51,evening,Neutral,2,Espresso
949,CA,25,morning,Neutral,1,Espresso
950,US,18,evening,Neutral,3,Espresso
951,AU,28,morning,Stressed,2,Cappuccino
952,US,16,evening,Sad,1,Latte
953,FR,26,morning,Happy,3,Espresso
954,ES,40,morning,Neutral,2,Espresso
955,CA,57,evening,Sad,2,Latte
956,CA,18,evening,Neutral,1,Latte
957,IN,44,evening,Excited,2,Cappuccino
958,CA,22,morning,Neutral,2,Latte
959,US,16,afternoon,Stressed,1,Americano
960,IN,43,morning,Excited,2,Espresso
961,GB,27,afternoon,Neutral,1,Americano
962,FR,61,evening,Excited,1,Americano
963,FR,66,morning,Happy,1,Americano
964,ES,32,evening,Sad,0,Americano
965,US,37,morning,Neutral,0,Espresso
966,IT,16,morning,Excited,2,Latte
967,US,28,afternoon,Neutral,3,Cappuccino
968,AU,50,evening,Neutral,2,Espresso
969,IN,28,afternoon,Excited,2,Latte
970,IT,36,afternoon,Stressed,2,Latte
971,IN,46,morning,Stressed,2,Americano
972,ES,60,evening,Excited,1,Espresso
973,IT,16,morning,Neutral,3,Espresso
974,JP,56,afternoon,Neutral,2,Cappuccino
975,IN,53,afternoon,Sad,2,Espresso
976,JP,37,afternoon,Neutral,1,Cappuccino
977,DE,28,morning,Sad,1,Americano
978,IT,16,evening,Happy,2,Espresso
979,CA,38,morning,Sad,1,Americano
980,US,16,evening,Happy,1,Americano
981,FR,38,morning,Sad,1,Americano
982,IT,62,morning,Sad,1,Americano
983,ES,25,morning,Sad,2,Espresso
984,US,56,afternoon,Sad,1,Espresso
985,US,22,morning,Stressed,1,Americano
986,FR,41,morning,Neutral,2,Espresso
987,GB,38,morning,Excited,1,Cappuccino
988,IN,47,evening,Happy,3,Espresso
989,FR,65,evening,Neutral,2,Latte
990,JP,16,evening,Happy,1,Espresso
991,US,54,afternoon,Excited,1,Espresso
992,US,55,afternoon,Excited,1,Americano
993,US,63,evening,Excited,3,Americano
994,ES,36,evening,Happy,1,Cappuccino
995,CA,16,afternoon,Excited,3,Cappuccino
996,FR,25,evening,Sad,1,Americano
997,CA,40,morning,Excited,2,Espresso
998,FR,65,afternoon,Excited,1,Espresso
999,IN,69,afternoon,Happy,2,Latte
